Variable,Wald_Chi2,DOF,P_Value,Sig
VPD,23.304138599862963,3,3.489709222670445e-05,***
Wind,0.9904918437352415,3,0.8035526349457983,
Dryness,14.139846788306382,3,0.002720847046596364,**
EFW,6.975856588238564,3,0.07267129936977523,.
PCE,10.242929086414634,3,0.01661010888321579,*
