Variable,Beta_10,Beta_50,Beta_90
VPD,0.00817370454487347,0.05489203834278394,0.1589842481428784
Wind,0.02675962848844631,0.0978780700459467,0.12041379458627878
Dryness,0.036170850473447404,0.20566108786291726,0.5299208556646867
EFW,0.06256397055852336,0.23997896484341968,0.4173956778168953
PCE,0.09288269807598869,0.4836001146473693,0.8990032943730957
