Variable,Wald_Chi2,DOF,P_Value,Sig
VPD,8.786415693619762,3,0.03226961156888375,*
Wind,1.2993504307739259,3,0.7292873287091709,
Dryness,14.139846788306382,3,0.002720847046596364,**
EFW,12.893571035105143,3,0.0048725093521242435,**
PCE,10.070269396619638,3,0.017978167388882027,*
