Variable,Beta_10,Beta_50,Beta_90
VPD,0.008652226650246748,0.07344156127270957,0.2751171558543498
Wind,0.021931590289536666,0.175559086122822,0.26593244340690064
Dryness,0.036170850473447404,0.20566108786291726,0.5299208556646867
EFW,0.05766609829526023,0.08672414613773317,0.8429157896800518
PCE,0.11808992065542022,0.514795276100955,1.2950507582518254
