Variable,Wald_Chi2,DOF,P_Value,Sig
VPD,14.309353276669036,3,0.002512927733299919,**
Wind,0.8564272285953722,3,0.8359281054324132,
Dryness,14.139846788306382,3,0.002720847046596364,**
EFW,6.107846430006988,3,0.10647953990782966,
PCE,8.150340538076067,3,0.043004684972471674,*
