Variable,Beta_10,Beta_50,Beta_90
VPD,0.00799916853658869,0.06248080181060106,0.19266437578132384
Wind,0.020384835686566648,0.13029099698221042,0.1687604103377502
Dryness,0.036170850473447404,0.20566108786291726,0.5299208556646867
EFW,0.06963896533191723,0.3102806191159534,0.5921362785204182
PCE,0.1655172193004781,0.5262283137645191,1.0399943427043432
