Variable,Wald_Chi2,DOF,P_Value,Sig
VPD,36.57672514958507,3,5.6549461557864333e-08,***
Wind,1.1022552127415497,3,0.7765296943545426,
Dryness,14.139846788306382,3,0.002720847046596364,**
EFW,9.285804480970633,3,0.02572268505269726,*
PCE,13.242408617081143,3,0.004140658287963728,**
