Variable,Beta_10,Beta_50,Beta_90
VPD,0.008619978930437495,0.04593380109115674,0.12746625874574966
Wind,0.02025053815927572,0.07437331459296835,0.0920576699771404
Dryness,0.036170850473447404,0.20566108786291726,0.5299208556646867
EFW,0.04268442227461044,0.19497782242692943,0.3220617351683863
PCE,0.07610750391145876,0.38365915678400114,0.694003143174038
