Variable,Wald_Chi2,DOF,P_Value,Sig
VPD,50.29282030800495,3,6.92049750838919e-11,***
Wind,2.999386641030102,3,0.39171975382702895,
Dryness,14.139846788306382,3,0.002720847046596364,**
EFW,24.760783732666653,3,1.7324835217435997e-05,***
PCE,26.185611527471007,3,8.720940589790338e-06,***
