Variable,Beta_10,Beta_50,Beta_90
VPD,0.007920803038483665,0.04205884620712123,0.11309027755144706
Wind,0.014380048071924419,0.05745548586570026,0.09055486366666456
Dryness,0.036170850473447404,0.20566108786291726,0.5299208556646867
EFW,0.030734100584576887,0.1466677587161244,0.2459211409280307
PCE,0.056617771401549125,0.26641639115696697,0.5232541355532696
